{"cameraMode":{"drawMode":0,"name":"Shaded","section":"Shading Mode"},"sceneLighting":true,"audioPlay":false,"sceneViewState":{"showFog":true,"showMaterialUpdate":false,"showSkybox":true,"showFlares":true,"showImageEffects":true,"showParticleSystems":true,"showVisualEffectGraphs":true,"m_FxEnabled":true},"in2DMode":false,"pivot":{"x":2.922337055206299,"y":-10.568910598754883,"z":11.71551513671875},"rotation":{"x":0.31840023398399355,"y":0.15773725509643556,"z":-0.05379367247223854,"w":0.9331740140914917},"size":12.386266708374024,"orthographic":false}